<?xml version = "1.0" encoding = "utf-8"?>
<!DOCTYPE hibernate-configuration SYSTEM 
"http://www.hibernate.org/dtd/hibernate-configuration-3.0.dtd">
<hibernate-configuration>
	<session-factory>
		<property name="hibernate.dialect">org.hibernate.dialect.PostgreSQLDialect</property>
		<property name="hibernate.connection.driver_class">org.postgresql.Driver</property>
		<property name="hibernate.connection.url">jdbc:postgresql://localhost:5432/process_management_system</property>
		<property name="hibernate.connection.username">postgres</property>
		<property name="hibernate.connection.password">123456</property>
		<property name="hibernate.hbm2ddl.auto">update</property>
		<property name="hibernate.show_sql">true</property>
		<property name="hibernate.enable_lazy_load_no_trans">true</property>
		

		<!-- HikariCP settings -->
		<property name="hibernate.hikari.minimumIdle">10</property>
		<property name="hibernate.hikari.maximumPoolSize">50</property>
		<property name="hibernate.hikari.idleTimeout">30000</property>
		<property name="hibernate.hikari.connectionTimeout">20000</property>

		<mapping class="com.pms.db.Sheets" />
		<mapping class="com.pms.db.Process" />
		<mapping class="com.pms.db.Subprocesses" />
		<mapping class="com.pms.db.Tools" />
		<mapping class="com.pms.db.Skills" />
		<mapping class="com.pms.db.Steps" />
		<mapping class="com.pms.db.SheetProcess" />
		<mapping class="com.pms.db.SystemSettings" />
	</session-factory>
</hibernate-configuration>